Workbook

Sheet Planilha1
A1: Objeto: | B1: EXECUÇÃO DE OBRAS DE REDES COLETORAS DE ESGOTO , COLETORES TRONCO, EEES E LINHAS DE RECALQUE DO SISTEMA DE ESGOTAMENTO SANITÁRIO NO MUNICÍPIO DE ITAPECERICA DA SERRA - UGR GUARAPIRANGA - UNSUL - MS
A3: PLANILHA DE ORÇAMENTO
A5: ITEM | B5: DESCRIÇÃO | C5: N.PRECO | D5: UN. MED. | E5: QUANT. | F5: PREÇO UNIT. | G5: TOTAL
A6: 01000000 | B6: EXECUÇÃO DE OBRAS PARA IMPLANTAÇÃO DE RCE,COLETORES TRONCO, EEES E LINHAS DE RECALQUE -MUNICIPIO DE ITAPECERICA DA SERRA
A7: 01010000 | B7: CANTEIRO DE OBRAS
A8: 01010001 | B8: INSTALAÇÃO DE CANTEIRO DE OBRAS TIPO I | C8: 355001 | D8: GB | E8: 1 | F8: =+VLOOKUP(C8,[1]Serviços!$C$6:$F$172,4,FALSE) -> 109000 | G8: =+ROUND(F8*E8,2) -> 109000
D9: Total do Grupo | G9: =+G8 -> 109000
A10: 01020000 | B10: MANUTENÇÃO DE CANTEIRO DE OBRAS
A11: 01020001 | B11: MANUTENÇÃO DO CANTEIRO DE OBRAS TIPO 1 | C11: 355002 | D11: MES | E11: 24 | F11: =+VLOOKUP(C11,[1]Serviços!$C$6:$F$172,4,FALSE) -> 22125 | G11: =+ROUND(F11*E11,2) -> 531000
D12: Total do Grupo | G12: =+G11 -> 531000
A13: 01030000 | B13: SERVIÇOS ESPECIALIZADOS REFERENTES AO PLANO DE GESTÃO AMBIENTAL, COMUNICAÇÃO E SÓCIO EDUCATIVO
A14: 01030001 | B14: PLANO DE AÇÕES SOCIO EDUCATIVA | C14: 355003 | D14: MES | E14: 24 | F14: =+VLOOKUP(C14,[1]Serviços!$C$6:$F$172,4,FALSE) -> 13424.94 | G14: =+ROUND(F14*E14,2) -> 322198.56
A15: 01030002 | B15: PLANO DE GESTÃO AMBIENTAL | C15: 355004 | D15: MES | E15: 24 | F15: =+VLOOKUP(C15,[1]Serviços!$C$6:$F$172,4,FALSE) -> 24144.08 | G15: =+ROUND(F15*E15,2) -> 579457.92
A16: 01030003 | B16: PLANO DE COMUNICAÇÃO SOCIO EDUCATIVA | C16: 355005 | D16: MES | E16: 24 | F16: =+VLOOKUP(C16,[1]Serviços!$C$6:$F$172,4,FALSE) -> 13424.94 | G16: =+ROUND(F16*E16,2) -> 322198.56
D17: Total do Grupo | G17: =SUM(G14:G16) -> 1223855
A18: 01040000 | B18: REDES COLETORAS ITAPECERICA DA SERRA
A19: 01040100 | B19: LOCAÇÃO E CADASTRO
A20: 01040101 | B20: LOCAÇÃO DE REDES DE ESGOTOS (ATÉ DIAM. 500MM) | C20: 020201 | D20: M | E20: 25000 | F20: =+VLOOKUP(C20,[1]Serviços!$C$6:$F$172,4,FALSE) -> 0.65 | G20: =+ROUND(F20*E20,2) -> 16250
A21: 01040102 | B21: CADASTRO DE REDES | C21: 020205 | D21: M | E21: 25000 | F21: =+VLOOKUP(C21,[1]Serviços!$C$6:$F$172,4,FALSE) -> 1.64 | G21: =+ROUND(F21*E21,2) -> 41000
D22: Total do Grupo | G22: =SUM(G20:G21) -> 57250
A23: 01050000 | B23: SERVIÇOS PRELIMINARES
A24: 01050100 | B24: TRANSITO E SEGURANÇA
A25: 01050101 | B25: SINALIZAÇÃO LUMINOSA PARA OBRAS | C25: 030101 | D25: M | E25: 25000 | F25: =+VLOOKUP(C25,[1]Serviços!$C$6:$F$172,4,FALSE) -> 2.41 | G25: =+ROUND(F25*E25,2) -> 60250
A26: 01050102 | B26: TAPUME CONTÍNUO EM CHAPAS DE MADEIRA | C26: 030110 | D26: M | E26: 25000 | F26: =+VLOOKUP(C26,[1]Serviços!$C$6:$F$172,4,FALSE) -> 4.34 | G26: =+ROUND(F26*E26,2) -> 108500
A27: 01050200 | B27: PASSADIÇOS E TRAVESSIAS
A28: 01050201 | B28: PASSADIÇOS DE MADEIRA PARA PEDESTRES | C28: 030201 | D28: M2 | E28: 400 | F28: =+VLOOKUP(C28,[1]Serviços!$C$6:$F$172,4,FALSE) -> 62.99 | G28: =+ROUND(F28*E28,2) -> 25196
A29: 01050202 | B29: PASSADIÇOS DE MADEIRA PARA VEÍCULOS | C29: 030205 | D29: M2 | E29: 1200 | F29: =+VLOOKUP(C29,[1]Serviços!$C$6:$F$172,4,FALSE) -> 56.19 | G29: =+ROUND(F29*E29,2) -> 67428
A30: 01050203 | B30: PASSADIÇOS DE CHAPA METÁLICA PARA VEÍCULOS | C30: 030206 | D30: M2 | E30: 300 | F30: =+VLOOKUP(C30,[1]Serviços!$C$6:$F$172,4,FALSE) -> 88.18 | G30: =+ROUND(F30*E30,2) -> 26454
A31: 01050300 | B31: SUSTENTAÇÃO DE ESTRUTURAS
A32: 01050301 | B32: ESCORAMENTO DE POSTES | C32: 030301 | D32: UN | E32: 20 | F32: =+VLOOKUP(C32,[1]Serviços!$C$6:$F$172,4,FALSE) -> 84.06 | G32: =+ROUND(F32*E32,2) -> 1681.2
A33: 01050302 | B33: SUSTENTAÇÃO DE TUBULAÇÕES EXISTENTES - PRANCHAS DE PEROBA | C33: 030302 | D33: M3 | E33: 10 | F33: =+VLOOKUP(C33,[1]Serviços!$C$6:$F$172,4,FALSE) -> 1718.52 | G33: =+ROUND(F33*E33,2) -> 17185.2
A34: 01050303 | B34: SUSTENTAÇÃO DE TUBULAÇÕES EXISTENTES - PERFIS METÁLICOS | C34: 030303 | D34: T | E34: 8 | F34: =+VLOOKUP(C34,[1]Serviços!$C$6:$F$172,4,FALSE) -> 928.65 | G34: =+ROUND(F34*E34,2) -> 7429.2
A35: 01050400 | B35: DESMATAMENTO E LIMPEZA
A36: 01050401 | B36: CORTE DE ÁRVORE COM DESTOCAMENTO | C36: 030501 | D36: UN | E36: 10 | F36: =+VLOOKUP(C36,[1]Serviços!$C$6:$F$172,4,FALSE) -> 14.46 | G36: =+ROUND(F36*E36,2) -> 144.6
A37: 01050402 | B37: ROÇADA E CAPINA | C37: 030502 | D37: M2 | E37: 180 | F37: =+VLOOKUP(C37,[1]Serviços!$C$6:$F$172,4,FALSE) -> 2.07 | G37: =+ROUND(F37*E37,2) -> 372.6
D38: Total do Grupo | G38: =SUM(G25:G37) -> 314640.8
A39: 01060000 | B39: MOVIMENTO DE TERRA
A40: 01060100 | B40: ESCAVAÇÃO EM GERAL
A41: 01060101 | B41: RASPAGEM DA CAMADA SUPERFICIAL | C41: 040101 | D41: M2 | E41: 180 | F41: =+VLOOKUP(C41,[1]Serviços!$C$6:$F$172,4,FALSE) -> 1.18 | G41: =+ROUND(F41*E41,2) -> 212.4
A42: 01060102 | B42: ESCAVAÇÃO EM JAZIDA DE SOLO | C42: 040104 | D42: M3 | E42: 17500 | F42: =+VLOOKUP(C42,[1]Serviços!$C$6:$F$172,4,FALSE) -> 7.69 | G42: =+ROUND(F42*E42,2) -> 134575
A43: 01060103 | B43: ESCAVAÇÃO EM ROCHA COMPACTA A FRIO COM ARGAMASSA EXPANSIVA, EM POÇOS E VALAS | C43: 040109 | D43: M3 | E43: 50 | F43: =+VLOOKUP(C43,[1]Serviços!$C$6:$F$172,4,FALSE) -> 315.78 | G43: =+ROUND(F43*E43,2) -> 15789
A44: 01060200 | B44: ESCAVAÇÃO MANUAL DE VALAS, POÇOS E CAVAS
A45: 01060201 | B45: ESCAVAÇÃO MANUAL DE VALAS, POÇOS E CAVAS EM SOLO NÃO ROCHOSO, COM PROFUNDIDADE ATÉ 2,00 M | C45: 040205 | D45: M3 | E45: 680 | F45: =+VLOOKUP(C45,[1]Serviços!$C$6:$F$172,4,FALSE) -> 42.51 | G45: =+ROUND(F45*E45,2) -> 28906.8
A46: 01060202 | B46: ESCAVAÇÃO MANUAL DE VALAS, POÇOS E CAVAS EM SOLO NÃO ROCHOSO, COM PROFUNDIDADE ATÉ 4,00 M | C46: 040207 | D46: M3 | E46: 250 | F46: =+VLOOKUP(C46,[1]Serviços!$C$6:$F$172,4,FALSE) -> 49.6 | G46: =+ROUND(F46*E46,2) -> 12400
A47: 01060300 | B47: ESCAVAÇÃO MECANIZADA DE VALAS EM SOLO NÃO ROCHOSO
A48: 01060301 | B48: ESCAVAÇÃO MECANIZADA DE VALAS, EM SOLO NÃO ROCHOSO, COM PROFUNDIDADE ATÉ 2,00 M (A) | C48: 040606 | D48: M3 | E48: 38800 | F48: =+VLOOKUP(C48,[1]Serviços!$C$6:$F$172,4,FALSE) -> 6.26 | G48: =+ROUND(F48*E48,2) -> 242888
A49: 01060302 | B49: ESCAVAÇÃO MECANIZADA DE VALAS, EM SOLO NÃO ROCHOSO, COM PROFUNDIDADE ATÉ 3,00 M (A) | C49: 040607 | D49: M3 | E49: 11200 | F49: =+VLOOKUP(C49,[1]Serviços!$C$6:$F$172,4,FALSE) -> 6.94 | G49: =+ROUND(F49*E49,2) -> 77728
A50: 01060303 | B50: ESCAVAÇÃO MECANIZADA DE VALAS, EM SOLO NÃO ROCHOSO, COM PROFUNDIDADE ATÉ 4,00 M (A) | C50: 040608 | D50: M3 | E50: 500 | F50: =+VLOOKUP(C50,[1]Serviços!$C$6:$F$172,4,FALSE) -> 8.31 | G50: =+ROUND(F50*E50,2) -> 4155
A51: 01060304 | B51: ESCAVAÇÃO MECANIZADA DE VALAS, EM SOLO NÃO ROCHOSO, COM PROFUNDIDADE ATÉ 6,00 M (A) | C51: 040609 | D51: M3 | E51: 50 | F51: =+VLOOKUP(C51,[1]Serviços!$C$6:$F$172,4,FALSE) -> 13.79 | G51: =+ROUND(F51*E51,2) -> 689.5
A52: 01060400 | B52: ATERRO DE VALAS, POÇOS E CAVAS
A53: 01060401 | B53: ATERRO DE VALAS, POÇOS E CAVAS COMPACTADO MECANICAMENTE, SEM CONTROLE DO G.C. (A) | C53: 040802 | D53: M3 | E53: 20220 | F53: =+VLOOKUP(C53,[1]Serviços!$C$6:$F$172,4,FALSE) -> 12.26 | G53: =+ROUND(F53*E53,2) -> 247897.2
A54: 01060402 | B54: ATERRO DE VALAS, POÇOS E CAVAS COMPACTADO MECANICAMENTE, COM CONTROLE DO G.C. >= 95% DO E.N.C (A) | C54: 040803 | D54: M3 | E54: 30330 | F54: =+VLOOKUP(C54,[1]Serviços!$C$6:$F$172,4,FALSE) -> 14.3 | G54: =+ROUND(F54*E54,2) -> 433719
A55: 01060500 | B55: CARGA, TRANSPORTE E DESCARGA
A56: 01060501 | B56: TRANSPORTE DE MATERIAL ESCAVADO - SOLO (A) | C56: 041002 | D56: M3XKM | E56: 262500 | F56: =+VLOOKUP(C56,[1]Serviços!$C$6:$F$172,4,FALSE) -> 1.61 | G56: =+ROUND(F56*E56,2) -> 422625
D57: Total do Grupo | G57: =SUM(G41:G56) -> 1621584.9
A58: 01070000 | B58: ESCORAMENTOS
A59: 01070100 | B59: ESTRUTURAS DE ESCORAMENTO - MADEIRA
A60: 01070101 | B60: PONTALETEAMENTO (A) | C60: 050101 | D60: M2 | E60: 31250 | F60: =+VLOOKUP(C60,[1]Serviços!$C$6:$F$172,4,FALSE) -> 10.04 | G60: =+ROUND(F60*E60,2) -> 313750
A61: 01070102 | B61: ESCORAMENTO DESCONTÍNUO (A) | C61: 050102 | D61: M2 | E61: 61250 | F61: =+VLOOKUP(C61,[1]Serviços!$C$6:$F$172,4,FALSE) -> 23.04 | G61: =+ROUND(F61*E61,2) -> 1411200
A62: 01070103 | B62: ESCORAMENTO CONTÍNUO (A) | C62: 050103 | D62: M2 | E62: 5000 | F62: =+VLOOKUP(C62,[1]Serviços!$C$6:$F$172,4,FALSE) -> 39.13 | G62: =+ROUND(F62*E62,2) -> 195650
A63: 01070104 | B63: ESCORAMENTO ESPECIAL (A) | C63: 050104 | D63: M2 | E63: 1250 | F63: =+VLOOKUP(C63,[1]Serviços!$C$6:$F$172,4,FALSE) -> 46.46 | G63: =+ROUND(F63*E63,2) -> 58075
A64: 01070200 | B64: MATERIAL PERDIDO PERTENCENTE AOS ESCORAMENTOS DO TIPO MADEIRA, METÁLICO-MADEIRA E METÁLICO
A65: 01070201 | B65: MATERIAL PERDIDO - MADEIRA | C65: 050401 | D65: M3 | E65: 40 | F65: =+VLOOKUP(C65,[1]Serviços!$C$6:$F$172,4,FALSE) -> 497.6 | G65: =+ROUND(F65*E65,2) -> 19904
D66: Total do Grupo | G66: =SUM(G60:G65) -> 1998579
A67: 01080000 | B67: ESGOTAMENTO
A68: 01080100 | B68: ÁGUAS SUPERFICIAIS
A69: 01080101 | B69: ESGOTAMENTO COM BOMBAS DE SUPERFÍCIE OU SUBMERSAS | C69: 060101 | D69: HPXH | E69: 22000 | F69: =+VLOOKUP(C69,[1]Serviços!$C$6:$F$172,4,FALSE) -> 1.41 | G69: =+ROUND(F69*E69,2) -> 31020
A70: 01080200 | B70: REBAIXAMENTO DE LENÇOL FREÁTICO COM PONTEIRAS - VALAS
A71: 01080201 | B71: REBAIXAMENTO DE LENÇOL POR CONJUNTO DE PONTEIRAS ATÉ 2,00M | C71: 060201 | D71: M | E71: 600 | F71: =+VLOOKUP(C71,[1]Serviços!$C$6:$F$172,4,FALSE) -> 77.02 | G71: =+ROUND(F71*E71,2) -> 46212
A72: 01080202 | B72: REBAIXAMENTO DE LENÇOL POR CONJUNTO DE PONTEIRAS ATÉ 4,00M | C72: 060202 | D72: M | E72: 300 | F72: =+VLOOKUP(C72,[1]Serviços!$C$6:$F$172,4,FALSE) -> 117.4 | G72: =+ROUND(F72*E72,2) -> 35220
A73: 01080203 | B73: REBAIXAMENTO DE LENÇOL POR CONJUNTO DE PONTEIRAS ATÉ 6,00M | C73: 060203 | D73: M | E73: 30 | F73: =+VLOOKUP(C73,[1]Serviços!$C$6:$F$172,4,FALSE) -> 137.18 | G73: =+ROUND(F73*E73,2) -> 4115.4
A74: 01080204 | B74: MOBILIZAÇÃO DE EQUIPE E EQUIPAMENTOS PARA REBAIXAMENTO DE PONTEIRAS FILTRANTES | C74: 060204 | D74: UN | E74: 15 | F74: =+VLOOKUP(C74,[1]Serviços!$C$6:$F$172,4,FALSE) -> 2016 | G74: =+ROUND(F74*E74,2) -> 30240
D75: Total do Grupo | G75: =SUM(G69:G74) -> 146807.4
A76: 01090000 | B76: FUNDAÇÕES E ESTRUTURAS
A77: 01090100 | B77: LASTROS
A78: 01090101 | B78: LASTRO DE AREIA (A) | C78: 080401 | D78: M3 | E78: 380 | F78: =+VLOOKUP(C78,[1]Serviços!$C$6:$F$172,4,FALSE) -> 189.06 | G78: =+ROUND(F78*E78,2) -> 71842.8
A79: 01090102 | B79: LASTRO DE PEDRA BRITADA (A) | C79: 080402 | D79: M3 | E79: 650 | F79: =+VLOOKUP(C79,[1]Serviços!$C$6:$F$172,4,FALSE) -> 172.39 | G79: =+ROUND(F79*E79,2) -> 112053.5
A80: 01090200 | B80: LASTRO, LAJE E BERÇO PARA ASSENTAMENTO DE TUBOS E PEÇAS
A81: 01090201 | B81: LASTRO, LAJE E BERÇO PARA ASSENTAMENTO, DIÂMETRO 200 MM (A) | C81: 080604 | D81: M | E81: 500 | F81: =+VLOOKUP(C81,[1]Serviços!$C$6:$F$172,4,FALSE) -> 74.92 | G81: =+ROUND(F81*E81,2) -> 37460
A82: 01090300 | B82: CONCRETO ESTRUTURAL PARA ESTRUTURAS NÃO SUJEITAS A CONTATO COM ÁGUA E ESGOTO
A83: 01090301 | B83: CONCRETO ESTRUTURAL P/ ESTRUTURAS NÃO SUJEITAS A CONTATO COM ÁGUA E ESGOTO, FCK = 20,0 MPA | C83: 081202 | D83: M3 | E83: 20 | F83: =+VLOOKUP(C83,[1]Serviços!$C$6:$F$172,4,FALSE) -> 482.59 | G83: =+ROUND(F83*E83,2) -> 9651.8
A84: 01090400 | B84: POÇO DE VISITA - DIÂMETRO 1,00M PARA REDES DE ESGOTO
A85: 01090401 | B85: PV D=1,00M EM TUBO CONCRETO C/PBJE - PROF.ATÉ 2,00M | C85: 082111 | D85: UN | E85: 372 | F85: =+VLOOKUP(C85,[1]Serviços!$C$6:$F$172,4,FALSE) -> 3405.5 | G85: =+ROUND(F85*E85,2) -> 1266846
A86: 01090402 | B86: PV D=1,00M EM TUBO CONCRETO C/PBJE - PROF.ATÉ 3,00M | C86: 082112 | D86: UN | E86: 162 | F86: =+VLOOKUP(C86,[1]Serviços!$C$6:$F$172,4,FALSE) -> 4130.07 | G86: =+ROUND(F86*E86,2) -> 669071.34
A87: 01090403 | B87: PV D=1,00M EM TUBO CONCRETO C/PBJE - PROF.ATÉ 4,00M | C87: 082113 | D87: UN | E87: 20 | F87: =+VLOOKUP(C87,[1]Serviços!$C$6:$F$172,4,FALSE) -> 5077.24 | G87: =+ROUND(F87*E87,2) -> 101544.8
A88: 01090404 | B88: PV D=1,00M EM TUBO CONCRETO C/PBJE - PROF.ATÉ 5,00M | C88: 082114 | D88: UN | E88: 2 | F88: =+VLOOKUP(C88,[1]Serviços!$C$6:$F$172,4,FALSE) -> 6514.88 | G88: =+ROUND(F88*E88,2) -> 13029.76
A89: 01090500 | B89: POÇO DE INSPEÇÃO - DIÂMETRO 0,60M
A90: 01090501 | B90: PI D=0,60M EM ALVENARIA - PROF. ATÉ 1,60 M | C90: 082501 | D90: UN | E90: 10 | F90: =+VLOOKUP(C90,[1]Serviços!$C$6:$F$172,4,FALSE) -> 1797.31 | G90: =+ROUND(F90*E90,2) -> 17973.1
A91: 01090502 | B91: PI D=0,60M EM TUBO DE CONCRETO C/ PBJE - PROF. ATÉ 1,60M | C91: 082512 | D91: UN | E91: 300 | F91: =+VLOOKUP(C91,[1]Serviços!$C$6:$F$172,4,FALSE) -> 1441.64 | G91: =+ROUND(F91*E91,2) -> 432492
A92: 01090600 | B92: DISPOSITIVOS ESPECIAIS E ESTRUTURAS ACESSÓRIAS
A93: 01090601 | B93: ASSENTAMENTO DE TUBO DE QUEDA | C93: 082803 | D93: M | E93: 150 | F93: =+VLOOKUP(C93,[1]Serviços!$C$6:$F$172,4,FALSE) -> 251.83 | G93: =+ROUND(F93*E93,2) -> 37774.5
A94: 01090602 | B94: TERMINAL DE LIMPEZA | C94: 082806 | D94: UN | E94: 126 | F94: =+VLOOKUP(C94,[1]Serviços!$C$6:$F$172,4,FALSE) -> 501.3 | G94: =+ROUND(F94*E94,2) -> 63163.8
D95: Total do Grupo | G95: =SUM(G78:G94) -> 2832903.4
A96: 01100000 | B96: ASSENTAMENTO
A97: 01100100 | B97: ASSENTAMENTO SIMPLES DE TUBOS E PEÇAS EM PVC, PE,RPVC E DEFOFO
A98: 01100101 | B98: ASSENTAMENTO SIMPLES DE TUBOS E PEÇAS, DN 200MM, EM PVC RÍGIDO, RPVC E DEFOFO - JE (A) | C98: 090605 | D98: M | E98: 25000 | F98: =+VLOOKUP(C98,[1]Serviços!$C$6:$F$172,4,FALSE) -> 3.67 | G98: =+ROUND(F98*E98,2) -> 91750
A99: 01100102 | B99: EXECUÇÃO DE OBRAS DE RCE POR MÉTODO NÃO DESTRUTIVO (MND)- DH=300 MM,COM FORNECIMENTO DE MATERIAIS | C99: 358002 | D99: M | E99: 1760 | F99: =+VLOOKUP(C99,[1]Serviços!$C$6:$F$172,4,FALSE) -> 1088 | G99: =+ROUND(F99*E99,2) -> 1914880
D100: Total do Grupo | G100: =SUM(G98:G99) -> 2006630
A101: 01110000 | B101: PAVIMENTAÇÃO
A102: 01110100 | B102: LEVANTAMENTO DE PAVIMENTAÇÃO
...
